{
    "ogbg-moltoxcast": {
        "results": {
            "path2vec": {
                "train": [
                    0.5117874182144369,
                    0.5115144637154028,
                    0.5004784613559661
                ],
                "test": [
                    0.5003441575929615,
                    0.5003707633925911,
                    0.500011274415982
                ],
                "valid": [
                    0.5004852703170538,
                    0.5,
                    0.5
                ]
            },
            "random": {
                "train": [
                    0.5000157898567577,
                    0.5106716240798665,
                    0.5003248578996721
                ],
                "test": [
                    0.5,
                    0.5003329255709297,
                    0.5000162397288175
                ],
                "valid": [
                    0.5,
                    0.5,
                    0.5
                ]
            }
        },
        "runs": 3,
        "max_elem": null,
        "sample_size": 150,
        "windows_size": 3,
        "metric": "rocauc"
    }
}